model,aggregation,tau,recall,hit,pos,emb_recall,lex_only,emb_only,cand_per_rec,cand_share,discarded_cand
e5,max,,0.9700374531835206,259,267,0.0,259,0,4.35632183908046,0.2716845878136201,0.24193548387096775
e5,max,0.1,0.9700374531835206,259,267,0.011235955056179775,256,0,4.35632183908046,0.2716845878136201,0.24193548387096775
e5,max,0.0975,0.9700374531835206,259,267,0.02247191011235955,253,0,4.35632183908046,0.2716845878136201,0.24193548387096775
e5,max,0.095,0.9700374531835206,259,267,0.0299625468164794,251,0,4.362068965517241,0.27204301075268816,0.24193548387096775
e5,max,0.0925,0.9700374531835206,259,267,0.0299625468164794,251,0,4.362068965517241,0.27204301075268816,0.24193548387096775
e5,max,0.09,0.9700374531835206,259,267,0.03745318352059925,249,0,4.362068965517241,0.27204301075268816,0.24193548387096775
e5,max,0.0875,0.9700374531835206,259,267,0.04119850187265917,248,0,4.362068965517241,0.27204301075268816,0.24193548387096775
e5,max,0.085,0.9700374531835206,259,267,0.04119850187265917,248,0,4.362068965517241,0.27204301075268816,0.24193548387096775
e5,max,0.0825,0.9700374531835206,259,267,0.04119850187265917,248,0,4.362068965517241,0.27204301075268816,0.24193548387096775
e5,max,0.08,0.9700374531835206,259,267,0.04868913857677903,246,0,4.362068965517241,0.27204301075268816,0.24193548387096775
e5,max,0.0775,0.9700374531835206,259,267,0.056179775280898875,244,0,4.362068965517241,0.27204301075268816,0.24193548387096775
e5,max,0.075,0.9700374531835206,259,267,0.06741573033707865,241,0,4.362068965517241,0.27204301075268816,0.24193548387096775
e5,max,0.0725,0.9700374531835206,259,267,0.06741573033707865,241,0,4.362068965517241,0.27204301075268816,0.24193548387096775
e5,max,0.07,0.9700374531835206,259,267,0.0898876404494382,235,0,4.362068965517241,0.27204301075268816,0.24193548387096775
e5,max,0.0675,0.9700374531835206,259,267,0.10112359550561797,232,0,4.367816091954023,0.2724014336917563,0.24193548387096775
e5,max,0.065,0.9700374531835206,259,267,0.11610486891385768,228,0,4.367816091954023,0.2724014336917563,0.24193548387096775
e5,max,0.0625,0.9700374531835206,259,267,0.1348314606741573,223,0,4.367816091954023,0.2724014336917563,0.24193548387096775
e5,max,0.06,0.9700374531835206,259,267,0.1760299625468165,212,0,4.379310344827586,0.2731182795698925,0.24193548387096775
e5,max,0.0575,0.9700374531835206,259,267,0.1947565543071161,207,0,4.379310344827586,0.2731182795698925,0.24193548387096775
e5,max,0.055,0.9700374531835206,259,267,0.21722846441947566,201,0,4.379310344827586,0.2731182795698925,0.24193548387096775
e5,max,0.0525,0.9700374531835206,259,267,0.2808988764044944,184,0,4.379310344827586,0.2731182795698925,0.24193548387096775
e5,max,0.05,0.9700374531835206,259,267,0.31086142322097376,176,0,4.385057471264368,0.27347670250896056,0.24193548387096775
e5,max,0.0475,0.9700374531835206,259,267,0.3445692883895131,167,0,4.408045977011494,0.27491039426523295,0.24193548387096775
e5,max,0.045,0.9700374531835206,259,267,0.43820224719101125,142,0,4.419540229885057,0.2756272401433692,0.24423963133640553
e5,max,0.0425,0.9700374531835206,259,267,0.47191011235955055,133,0,4.4655172413793105,0.278494623655914,0.2511520737327189
e5,max,0.04,0.9700374531835206,259,267,0.49812734082397003,126,0,4.488505747126437,0.2799283154121864,0.2511520737327189
e5,max,0.0375,0.9737827715355806,260,267,0.5243445692883895,120,1,4.557471264367816,0.28422939068100356,0.2557603686635945
e5,max,0.035,0.9737827715355806,260,267,0.5655430711610487,109,1,4.614942528735632,0.2878136200716846,0.2557603686635945
e5,max,0.0325,0.9775280898876404,261,267,0.602996254681648,100,2,4.689655172413793,0.2924731182795699,0.26497695852534564
e5,max,0.03,0.9775280898876404,261,267,0.6479400749063671,88,2,4.85632183908046,0.30286738351254483,0.2834101382488479
e5,max,0.0275,0.9812734082397003,262,267,0.6816479400749064,80,3,5.0344827586206895,0.3139784946236559,0.2926267281105991
e5,max,0.025,0.9850187265917603,263,267,0.704119850187266,75,4,5.32183908045977,0.3318996415770609,0.31336405529953915
e5,max,0.0225,0.9850187265917603,263,267,0.7602996254681648,60,4,5.689655172413793,0.3548387096774194,0.35023041474654376
e5,max,0.02,0.9887640449438202,264,267,0.8164794007490637,46,5,6.109195402298851,0.3810035842293907,0.3847926267281106
e5,max,0.0175,0.9887640449438202,264,267,0.8352059925093633,41,5,6.563218390804598,0.40931899641577063,0.4078341013824885
e5,max,0.015,0.9887640449438202,264,267,0.8764044943820225,30,5,7.183908045977011,0.44802867383512546,0.4400921658986175
e5,max,0.0125,0.9925093632958801,265,267,0.8838951310861424,29,6,7.833333333333333,0.4885304659498208,0.47465437788018433
e5,max,0.01,0.9962546816479401,266,267,0.9138576779026217,22,7,8.637931034482758,0.5387096774193548,0.5207373271889401
e5,max,0.0075,0.9962546816479401,266,267,0.9213483146067416,20,7,9.425287356321839,0.5878136200716846,0.5506912442396313
e5,max,0.005,0.9962546816479401,266,267,0.9438202247191011,14,7,10.24712643678161,0.639068100358423,0.6013824884792627
e5,max,0.0025,0.9962546816479401,266,267,0.947565543071161,13,7,11.040229885057471,0.6885304659498208,0.6336405529953917
e5,max,-0.0,0.9962546816479401,266,267,0.9550561797752809,11,7,11.867816091954023,0.7401433691756273,0.684331797235023
e5,max,-0.0025,0.9962546816479401,266,267,0.9662921348314607,8,7,12.706896551724139,0.7924731182795699,0.7211981566820277
e5,max,-0.005,0.9962546816479401,266,267,0.9700374531835206,7,7,13.293103448275861,0.8290322580645161,0.7649769585253456
e5,max,-0.0075,0.9962546816479401,266,267,0.9775280898876404,5,7,13.850574712643677,0.8637992831541219,0.8018433179723502
e5,max,-0.01,0.9962546816479401,266,267,0.9850187265917603,3,7,14.264367816091953,0.8896057347670251,0.8410138248847926
e5,max,-0.0125,0.9962546816479401,266,267,0.9925093632958801,1,7,14.632183908045977,0.9125448028673835,0.8594470046082949
e5,max,-0.015,1.0,267,267,0.9962546816479401,1,8,14.936781609195402,0.9315412186379929,0.8778801843317973
e5,max,-0.0175,1.0,267,267,0.9962546816479401,1,8,15.149425287356323,0.9448028673835125,0.8917050691244239
e5,max,-0.02,1.0,267,267,0.9962546816479401,1,8,15.298850574712644,0.9541218637992831,0.9078341013824884
e5,max,-0.0225,1.0,267,267,0.9962546816479401,1,8,15.454022988505747,0.9637992831541219,0.9193548387096774
e5,max,-0.025,1.0,267,267,0.9962546816479401,1,8,15.540229885057471,0.9691756272401434,0.9308755760368663
e5,max,-0.0275,1.0,267,267,0.9962546816479401,1,8,15.660919540229886,0.9767025089605734,0.9447004608294931
e5,max,-0.03,1.0,267,267,0.9962546816479401,1,8,15.689655172413794,0.978494623655914,0.9493087557603687
e5,max,-0.0325,1.0,267,267,0.9962546816479401,1,8,15.724137931034482,0.9806451612903225,0.9539170506912442
e5,max,-0.035,1.0,267,267,0.9962546816479401,1,8,15.758620689655173,0.9827956989247312,0.9539170506912442
e5,max,-0.0375,1.0,267,267,0.9962546816479401,1,8,15.775862068965518,0.9838709677419355,0.956221198156682
e5,max,-0.04,1.0,267,267,1.0,0,8,15.804597701149426,0.985663082437276,0.956221198156682
e5,max,-0.0425,1.0,267,267,1.0,0,8,15.810344827586206,0.986021505376344,0.956221198156682
e5,max,-0.045,1.0,267,267,1.0,0,8,15.82183908045977,0.9867383512544803,0.956221198156682
e5,max,-0.0475,1.0,267,267,1.0,0,8,15.839080459770114,0.9878136200716846,0.956221198156682
e5,max,-0.05,1.0,267,267,1.0,0,8,15.85632183908046,0.9888888888888889,0.956221198156682
e5,top3_mean,,0.9700374531835206,259,267,0.0,259,0,4.35632183908046,0.2716845878136201,0.24193548387096775
e5,top3_mean,0.1,0.9700374531835206,259,267,0.003745318352059925,258,0,4.35632183908046,0.2716845878136201,0.24193548387096775
e5,top3_mean,0.0975,0.9700374531835206,259,267,0.003745318352059925,258,0,4.35632183908046,0.2716845878136201,0.24193548387096775
e5,top3_mean,0.095,0.9700374531835206,259,267,0.003745318352059925,258,0,4.35632183908046,0.2716845878136201,0.24193548387096775
e5,top3_mean,0.0925,0.9700374531835206,259,267,0.003745318352059925,258,0,4.35632183908046,0.2716845878136201,0.24193548387096775
e5,top3_mean,0.09,0.9700374531835206,259,267,0.003745318352059925,258,0,4.35632183908046,0.2716845878136201,0.24193548387096775
e5,top3_mean,0.0875,0.9700374531835206,259,267,0.003745318352059925,258,0,4.35632183908046,0.2716845878136201,0.24193548387096775
e5,top3_mean,0.085,0.9700374531835206,259,267,0.003745318352059925,258,0,4.35632183908046,0.2716845878136201,0.24193548387096775
e5,top3_mean,0.0825,0.9700374531835206,259,267,0.00749063670411985,257,0,4.35632183908046,0.2716845878136201,0.24193548387096775
e5,top3_mean,0.08,0.9700374531835206,259,267,0.0149812734082397,255,0,4.35632183908046,0.2716845878136201,0.24193548387096775
e5,top3_mean,0.0775,0.9700374531835206,259,267,0.02247191011235955,253,0,4.35632183908046,0.2716845878136201,0.24193548387096775
e5,top3_mean,0.075,0.9700374531835206,259,267,0.026217228464419477,252,0,4.35632183908046,0.2716845878136201,0.24193548387096775
e5,top3_mean,0.0725,0.9700374531835206,259,267,0.03745318352059925,249,0,4.35632183908046,0.2716845878136201,0.24193548387096775
e5,top3_mean,0.07,0.9700374531835206,259,267,0.03745318352059925,249,0,4.35632183908046,0.2716845878136201,0.24193548387096775
e5,top3_mean,0.0675,0.9700374531835206,259,267,0.04868913857677903,246,0,4.35632183908046,0.2716845878136201,0.24193548387096775
e5,top3_mean,0.065,0.9700374531835206,259,267,0.06367041198501873,242,0,4.35632183908046,0.2716845878136201,0.24193548387096775
e5,top3_mean,0.0625,0.9700374531835206,259,267,0.07116104868913857,240,0,4.35632183908046,0.2716845878136201,0.24193548387096775
e5,top3_mean,0.06,0.9700374531835206,259,267,0.07116104868913857,240,0,4.35632183908046,0.2716845878136201,0.24193548387096775
e5,top3_mean,0.0575,0.9700374531835206,259,267,0.08239700374531835,237,0,4.35632183908046,0.2716845878136201,0.24193548387096775
e5,top3_mean,0.055,0.9700374531835206,259,267,0.10861423220973783,230,0,4.35632183908046,0.2716845878136201,0.24193548387096775
e5,top3_mean,0.0525,0.9700374531835206,259,267,0.12359550561797752,226,0,4.35632183908046,0.2716845878136201,0.24193548387096775
e5,top3_mean,0.05,0.9700374531835206,259,267,0.149812734082397,219,0,4.35632183908046,0.2716845878136201,0.24193548387096775
e5,top3_mean,0.0475,0.9700374531835206,259,267,0.19850187265917604,206,0,4.367816091954023,0.2724014336917563,0.24193548387096775
e5,top3_mean,0.045,0.9700374531835206,259,267,0.24719101123595505,193,0,4.367816091954023,0.2724014336917563,0.24193548387096775
e5,top3_mean,0.0425,0.9700374531835206,259,267,0.3146067415730337,175,0,4.367816091954023,0.2724014336917563,0.24193548387096775
e5,top3_mean,0.04,0.9700374531835206,259,267,0.36704119850187267,161,0,4.379310344827586,0.2731182795698925,0.24193548387096775
e5,top3_mean,0.0375,0.9700374531835206,259,267,0.449438202247191,139,0,4.379310344827586,0.2731182795698925,0.24193548387096775
e5,top3_mean,0.035,0.9700374531835206,259,267,0.5131086142322098,122,0,4.390804597701149,0.2738351254480287,0.24193548387096775
e5,top3_mean,0.0325,0.9737827715355806,260,267,0.5543071161048689,112,1,4.419540229885057,0.2756272401433692,0.24193548387096775
e5,top3_mean,0.03,0.9737827715355806,260,267,0.602996254681648,99,1,4.488505747126437,0.2799283154121864,0.2465437788018433
e5,top3_mean,0.0275,0.9775280898876404,261,267,0.6404494382022472,90,2,4.557471264367816,0.28422939068100356,0.2557603686635945
e5,top3_mean,0.025,0.9812734082397003,262,267,0.6741573033707865,82,3,4.706896551724138,0.29354838709677417,0.28110599078341014
e5,top3_mean,0.0225,0.9850187265917603,263,267,0.7153558052434457,72,4,5.011494252873563,0.3125448028673835,0.31336405529953915
e5,top3_mean,0.02,0.9887640449438202,264,267,0.7602996254681648,61,5,5.35632183908046,0.3340501792114695,0.3225806451612903
e5,top3_mean,0.0175,0.9887640449438202,264,267,0.8202247191011236,45,5,5.850574712643678,0.3648745519713262,0.3686635944700461
e5,top3_mean,0.015,0.9887640449438202,264,267,0.850187265917603,37,5,6.494252873563219,0.4050179211469534,0.41705069124423966
e5,top3_mean,0.0125,0.9962546816479401,266,267,0.9176029962546817,21,7,7.2701149425287355,0.45340501792114696,0.4700460829493088
e5,top3_mean,0.01,0.9962546816479401,266,267,0.9250936329588015,19,7,8.172413793103448,0.5096774193548387,0.5299539170506913
e5,top3_mean,0.0075,0.9962546816479401,266,267,0.9288389513108615,18,7,9.183908045977011,0.5727598566308244,0.5599078341013825
e5,top3_mean,0.005,1.0,267,267,0.951310861423221,13,8,10.293103448275861,0.6419354838709678,0.6013824884792627
e5,top3_mean,0.0025,1.0,267,267,0.9662921348314607,9,8,11.304597701149426,0.7050179211469534,0.6566820276497696
e5,top3_mean,-0.0,1.0,267,267,0.9775280898876404,6,8,12.206896551724139,0.7612903225806451,0.7142857142857143
e5,top3_mean,-0.0025,1.0,267,267,0.9887640449438202,3,8,13.03448275862069,0.8129032258064516,0.7695852534562212
e5,top3_mean,-0.005,1.0,267,267,0.9962546816479401,1,8,13.839080459770114,0.8630824372759857,0.815668202764977
e5,top3_mean,-0.0075,1.0,267,267,0.9962546816479401,1,8,14.333333333333334,0.8939068100358423,0.847926267281106
e5,top3_mean,-0.01,1.0,267,267,0.9962546816479401,1,8,14.850574712643677,0.9261648745519713,0.8778801843317973
e5,top3_mean,-0.0125,1.0,267,267,0.9962546816479401,1,8,15.270114942528735,0.9523297491039426,0.9216589861751152
e5,top3_mean,-0.015,1.0,267,267,0.9962546816479401,1,8,15.557471264367816,0.9702508960573477,0.9354838709677419
e5,top3_mean,-0.0175,1.0,267,267,0.9962546816479401,1,8,15.660919540229886,0.9767025089605734,0.9447004608294931
e5,top3_mean,-0.02,1.0,267,267,0.9962546816479401,1,8,15.770114942528735,0.9835125448028674,0.9585253456221198
e5,top3_mean,-0.0225,1.0,267,267,0.9962546816479401,1,8,15.827586206896552,0.9870967741935484,0.9631336405529954
e5,top3_mean,-0.025,1.0,267,267,0.9962546816479401,1,8,15.873563218390805,0.9899641577060931,0.9746543778801844
e5,top3_mean,-0.0275,1.0,267,267,0.9962546816479401,1,8,15.89080459770115,0.9910394265232975,0.9746543778801844
e5,top3_mean,-0.03,1.0,267,267,1.0,0,8,15.936781609195402,0.9939068100358422,0.9861751152073732
e5,top3_mean,-0.0325,1.0,267,267,1.0,0,8,15.959770114942529,0.9953405017921146,0.988479262672811
e5,top3_mean,-0.035,1.0,267,267,1.0,0,8,16.0,0.9978494623655914,0.988479262672811
e5,top3_mean,-0.0375,1.0,267,267,1.0,0,8,16.00574712643678,0.9982078853046595,0.988479262672811
e5,top3_mean,-0.04,1.0,267,267,1.0,0,8,16.00574712643678,0.9982078853046595,0.988479262672811
e5,top3_mean,-0.0425,1.0,267,267,1.0,0,8,16.011494252873565,0.9985663082437276,0.988479262672811
e5,top3_mean,-0.045,1.0,267,267,1.0,0,8,16.017241379310345,0.9989247311827957,0.988479262672811
e5,top3_mean,-0.0475,1.0,267,267,1.0,0,8,16.017241379310345,0.9989247311827957,0.988479262672811
e5,top3_mean,-0.05,1.0,267,267,1.0,0,8,16.017241379310345,0.9989247311827957,0.988479262672811
mpnet,max,,0.9700374531835206,259,267,0.0,259,0,4.35632183908046,0.2716845878136201,0.24193548387096775
mpnet,max,0.1,0.9812734082397003,262,267,0.7865168539325843,52,3,5.563218390804598,0.34695340501792116,0.3387096774193548
mpnet,max,0.0975,0.9812734082397003,262,267,0.7902621722846442,51,3,5.609195402298851,0.34982078853046594,0.34101382488479265
mpnet,max,0.095,0.9812734082397003,262,267,0.7940074906367042,50,3,5.655172413793103,0.35268817204301073,0.35944700460829493
mpnet,max,0.0925,0.9812734082397003,262,267,0.8052434456928839,47,3,5.689655172413793,0.3548387096774194,0.3640552995391705
mpnet,max,0.09,0.9812734082397003,262,267,0.8052434456928839,47,3,5.741379310344827,0.3580645161290323,0.3686635944700461
mpnet,max,0.0875,0.9812734082397003,262,267,0.8127340823970037,45,3,5.82183908045977,0.36308243727598566,0.3709677419354839
mpnet,max,0.085,0.9812734082397003,262,267,0.8164794007490637,44,3,5.85632183908046,0.36523297491039425,0.3709677419354839
mpnet,max,0.0825,0.9850187265917603,263,267,0.8202247191011236,44,4,5.885057471264368,0.36702508960573477,0.3709677419354839
mpnet,max,0.08,0.9850187265917603,263,267,0.8202247191011236,44,4,5.954022988505747,0.37132616487455194,0.37327188940092165
mpnet,max,0.0775,0.9850187265917603,263,267,0.8202247191011236,44,4,6.045977011494253,0.37706093189964157,0.38018433179723504
mpnet,max,0.075,0.9850187265917603,263,267,0.8239700374531835,43,4,6.074712643678161,0.3788530465949821,0.3870967741935484
mpnet,max,0.0725,0.9850187265917603,263,267,0.8277153558052435,42,4,6.120689655172414,0.3817204301075269,0.38940092165898615
mpnet,max,0.07,0.9850187265917603,263,267,0.8314606741573034,41,4,6.218390804597701,0.3878136200716846,0.391705069124424
mpnet,max,0.0675,0.9850187265917603,263,267,0.8352059925093633,40,4,6.2701149425287355,0.3910394265232975,0.39400921658986177
mpnet,max,0.065,0.9850187265917603,263,267,0.8389513108614233,39,4,6.32183908045977,0.3942652329749104,0.39400921658986177
mpnet,max,0.0625,0.9850187265917603,263,267,0.8389513108614233,39,4,6.367816091954023,0.3971326164874552,0.39631336405529954
mpnet,max,0.06,0.9850187265917603,263,267,0.8539325842696629,35,4,6.436781609195402,0.4014336917562724,0.39631336405529954
mpnet,max,0.0575,0.9850187265917603,263,267,0.8614232209737828,33,4,6.511494252873563,0.4060931899641577,0.39631336405529954
mpnet,max,0.055,0.9850187265917603,263,267,0.8651685393258427,32,4,6.597701149425287,0.4114695340501792,0.4009216589861751
mpnet,max,0.0525,0.9850187265917603,263,267,0.8651685393258427,32,4,6.735632183908046,0.42007168458781363,0.4032258064516129
mpnet,max,0.05,0.9850187265917603,263,267,0.8726591760299626,30,4,6.839080459770115,0.4265232974910394,0.41013824884792627
mpnet,max,0.0475,0.9850187265917603,263,267,0.8726591760299626,30,4,6.913793103448276,0.4311827956989247,0.41013824884792627
mpnet,max,0.045,0.9850187265917603,263,267,0.8726591760299626,30,4,7.0,0.43655913978494626,0.41244239631336405
mpnet,max,0.0425,0.9850187265917603,263,267,0.8801498127340824,28,4,7.137931034482759,0.44516129032258067,0.41705069124423966
mpnet,max,0.04,0.9850187265917603,263,267,0.8951310861423221,24,4,7.275862068965517,0.45376344086021503,0.43548387096774194
mpnet,max,0.0375,0.9850187265917603,263,267,0.898876404494382,23,4,7.425287356321839,0.46308243727598564,0.44930875576036866
mpnet,max,0.035,0.9850187265917603,263,267,0.9063670411985019,21,4,7.545977011494253,0.4706093189964158,0.4539170506912442
mpnet,max,0.0325,0.9850187265917603,263,267,0.9101123595505618,20,4,7.637931034482759,0.47634408602150535,0.45852534562211983
mpnet,max,0.03,0.9850187265917603,263,267,0.9101123595505618,20,4,7.689655172413793,0.47956989247311826,0.46543778801843316
mpnet,max,0.0275,0.9850187265917603,263,267,0.9176029962546817,18,4,7.781609195402299,0.4853046594982079,0.47235023041474655
mpnet,max,0.025,0.9850187265917603,263,267,0.9176029962546817,18,4,7.867816091954023,0.4906810035842294,0.4792626728110599
mpnet,max,0.0225,0.9850187265917603,263,267,0.9176029962546817,18,4,7.942528735632184,0.4953405017921147,0.4838709677419355
mpnet,max,0.02,0.9850187265917603,263,267,0.9288389513108615,15,4,8.114942528735632,0.5060931899641578,0.5
mpnet,max,0.0175,0.9850187265917603,263,267,0.9288389513108615,15,4,8.229885057471265,0.5132616487455197,0.5
mpnet,max,0.015,0.9850187265917603,263,267,0.9288389513108615,15,4,8.344827586206897,0.5204301075268817,0.511520737327189
mpnet,max,0.0125,0.9850187265917603,263,267,0.9288389513108615,15,4,8.522988505747126,0.5315412186379929,0.5253456221198156
mpnet,max,0.01,0.9850187265917603,263,267,0.9288389513108615,15,4,8.626436781609195,0.5379928315412187,0.532258064516129
mpnet,max,0.0075,0.9850187265917603,263,267,0.9288389513108615,15,4,8.758620689655173,0.546236559139785,0.5460829493087558
mpnet,max,0.005,0.9850187265917603,263,267,0.9288389513108615,15,4,8.873563218390805,0.5534050179211469,0.5506912442396313
mpnet,max,0.0025,0.9850187265917603,263,267,0.9288389513108615,15,4,9.011494252873563,0.5620071684587814,0.5529953917050692
mpnet,max,-0.0,0.9850187265917603,263,267,0.9288389513108615,15,4,9.235632183908047,0.5759856630824373,0.5691244239631337
mpnet,max,-0.0025,0.9887640449438202,264,267,0.9325842696629213,15,5,9.379310344827585,0.5849462365591398,0.576036866359447
mpnet,max,-0.005,0.9887640449438202,264,267,0.9363295880149812,14,5,9.511494252873563,0.5931899641577061,0.5806451612903226
mpnet,max,-0.0075,0.9887640449438202,264,267,0.9400749063670412,13,5,9.632183908045977,0.6007168458781362,0.5852534562211982
mpnet,max,-0.01,0.9925093632958801,265,267,0.9438202247191011,13,6,9.78735632183908,0.6103942652329749,0.5944700460829493
mpnet,max,-0.0125,0.9925093632958801,265,267,0.9438202247191011,13,6,9.948275862068966,0.6204301075268818,0.6013824884792627
mpnet,max,-0.015,0.9925093632958801,265,267,0.9438202247191011,13,6,10.074712643678161,0.6283154121863799,0.6059907834101382
mpnet,max,-0.0175,0.9925093632958801,265,267,0.9438202247191011,13,6,10.224137931034482,0.6376344086021506,0.619815668202765
mpnet,max,-0.02,0.9925093632958801,265,267,0.947565543071161,12,6,10.339080459770114,0.6448028673835126,0.6244239631336406
mpnet,max,-0.0225,0.9925093632958801,265,267,0.951310861423221,11,6,10.413793103448276,0.6494623655913978,0.6290322580645161
mpnet,max,-0.025,0.9925093632958801,265,267,0.9550561797752809,10,6,10.563218390804598,0.6587813620071684,0.6336405529953917
mpnet,max,-0.0275,0.9925093632958801,265,267,0.9550561797752809,10,6,10.770114942528735,0.6716845878136201,0.6405529953917051
mpnet,max,-0.03,0.9925093632958801,265,267,0.9550561797752809,10,6,10.89655172413793,0.6795698924731183,0.6428571428571429
mpnet,max,-0.0325,0.9925093632958801,265,267,0.9625468164794008,8,6,11.011494252873563,0.6867383512544802,0.6474654377880185
mpnet,max,-0.035,0.9925093632958801,265,267,0.9662921348314607,7,6,11.189655172413794,0.6978494623655914,0.6751152073732719
mpnet,max,-0.0375,0.9925093632958801,265,267,0.9662921348314607,7,6,11.304597701149426,0.7050179211469534,0.6866359447004609
mpnet,max,-0.04,0.9925093632958801,265,267,0.9662921348314607,7,6,11.39080459770115,0.7103942652329749,0.6866359447004609
mpnet,max,-0.0425,0.9925093632958801,265,267,0.9662921348314607,7,6,11.454022988505747,0.714336917562724,0.6866359447004609
mpnet,max,-0.045,0.9925093632958801,265,267,0.9662921348314607,7,6,11.563218390804598,0.7211469534050179,0.6935483870967742
mpnet,max,-0.0475,0.9962546816479401,266,267,0.9700374531835206,7,7,11.695402298850574,0.7293906810035843,0.7004608294930875
mpnet,max,-0.05,0.9962546816479401,266,267,0.9700374531835206,7,7,11.804597701149426,0.7362007168458782,0.7073732718894009
mpnet,top3_mean,,0.9700374531835206,259,267,0.0,259,0,4.35632183908046,0.2716845878136201,0.24193548387096775
mpnet,top3_mean,0.1,0.9812734082397003,262,267,0.7715355805243446,56,3,5.005747126436781,0.31218637992831544,0.2834101382488479
mpnet,top3_mean,0.0975,0.9812734082397003,262,267,0.7715355805243446,56,3,5.057471264367816,0.3154121863799283,0.2880184331797235
mpnet,top3_mean,0.095,0.9812734082397003,262,267,0.7752808988764045,55,3,5.086206896551724,0.3172043010752688,0.2903225806451613
mpnet,top3_mean,0.0925,0.9812734082397003,262,267,0.7827715355805244,53,3,5.126436781609195,0.31971326164874553,0.2903225806451613
mpnet,top3_mean,0.09,0.9812734082397003,262,267,0.7940074906367042,50,3,5.183908045977011,0.3232974910394265,0.2903225806451613
mpnet,top3_mean,0.0875,0.9812734082397003,262,267,0.8052434456928839,47,3,5.224137931034483,0.3258064516129032,0.29493087557603687
mpnet,top3_mean,0.085,0.9812734082397003,262,267,0.8127340823970037,45,3,5.2298850574712645,0.32616487455197135,0.29493087557603687
mpnet,top3_mean,0.0825,0.9812734082397003,262,267,0.8164794007490637,44,3,5.275862068965517,0.32903225806451614,0.2995391705069124
mpnet,top3_mean,0.08,0.9850187265917603,263,267,0.8202247191011236,44,4,5.327586206896552,0.33225806451612905,0.30414746543778803
mpnet,top3_mean,0.0775,0.9850187265917603,263,267,0.8239700374531835,43,4,5.431034482758621,0.3387096774193548,0.3064516129032258
mpnet,top3_mean,0.075,0.9850187265917603,263,267,0.8277153558052435,42,4,5.471264367816092,0.34121863799283153,0.31105990783410137
mpnet,top3_mean,0.0725,0.9850187265917603,263,267,0.8389513108614233,39,4,5.5344827586206895,0.34516129032258064,0.31105990783410137
mpnet,top3_mean,0.07,0.9850187265917603,263,267,0.8426966292134831,38,4,5.614942528735632,0.35017921146953407,0.3225806451612903
mpnet,top3_mean,0.0675,0.9850187265917603,263,267,0.846441947565543,37,4,5.666666666666667,0.353405017921147,0.3317972350230415
mpnet,top3_mean,0.065,0.9850187265917603,263,267,0.8539325842696629,35,4,5.724137931034483,0.35698924731182796,0.3317972350230415
mpnet,top3_mean,0.0625,0.9850187265917603,263,267,0.8539325842696629,35,4,5.793103448275862,0.36129032258064514,0.3317972350230415
mpnet,top3_mean,0.06,0.9850187265917603,263,267,0.8689138576779026,31,4,5.873563218390805,0.36630824372759857,0.3387096774193548
mpnet,top3_mean,0.0575,0.9887640449438202,264,267,0.8764044943820225,30,5,6.022988505747127,0.3756272401433692,0.3433179723502304
mpnet,top3_mean,0.055,0.9887640449438202,264,267,0.8801498127340824,29,5,6.063218390804598,0.3781362007168459,0.3433179723502304
mpnet,top3_mean,0.0525,0.9887640449438202,264,267,0.8876404494382022,27,5,6.155172413793103,0.38387096774193546,0.35023041474654376
mpnet,top3_mean,0.05,0.9887640449438202,264,267,0.8876404494382022,27,5,6.258620689655173,0.3903225806451613,0.35023041474654376
mpnet,top3_mean,0.0475,0.9887640449438202,264,267,0.8951310861423221,25,5,6.316091954022989,0.39390681003584227,0.35944700460829493
mpnet,top3_mean,0.045,0.9887640449438202,264,267,0.9026217228464419,23,5,6.477011494252873,0.40394265232974913,0.3870967741935484
mpnet,top3_mean,0.0425,0.9887640449438202,264,267,0.9026217228464419,23,5,6.522988505747127,0.4068100358422939,0.391705069124424
mpnet,top3_mean,0.04,0.9887640449438202,264,267,0.9101123595505618,21,5,6.660919540229885,0.4154121863799283,0.4032258064516129
mpnet,top3_mean,0.0375,0.9887640449438202,264,267,0.9138576779026217,20,5,6.752873563218391,0.4211469534050179,0.41013824884792627
mpnet,top3_mean,0.035,0.9887640449438202,264,267,0.9176029962546817,19,5,6.793103448275862,0.4236559139784946,0.41244239631336405
mpnet,top3_mean,0.0325,0.9887640449438202,264,267,0.9213483146067416,18,5,6.867816091954023,0.4283154121863799,0.41935483870967744
mpnet,top3_mean,0.03,0.9887640449438202,264,267,0.9250936329588015,17,5,7.022988505747127,0.43799283154121865,0.42857142857142855
mpnet,top3_mean,0.0275,0.9887640449438202,264,267,0.9250936329588015,17,5,7.126436781609195,0.4444444444444444,0.42857142857142855
mpnet,top3_mean,0.025,0.9887640449438202,264,267,0.9250936329588015,17,5,7.264367816091954,0.45304659498207883,0.43548387096774194
mpnet,top3_mean,0.0225,0.9887640449438202,264,267,0.9288389513108615,16,5,7.390804597701149,0.46093189964157705,0.4423963133640553
mpnet,top3_mean,0.02,0.9887640449438202,264,267,0.9288389513108615,16,5,7.488505747126437,0.46702508960573474,0.4539170506912442
mpnet,top3_mean,0.0175,0.9887640449438202,264,267,0.9363295880149812,14,5,7.64367816091954,0.4767025089605735,0.46543778801843316
mpnet,top3_mean,0.015,0.9887640449438202,264,267,0.9363295880149812,14,5,7.7298850574712645,0.482078853046595,0.4792626728110599
mpnet,top3_mean,0.0125,0.9887640449438202,264,267,0.9363295880149812,14,5,7.890804597701149,0.4921146953405018,0.4792626728110599
mpnet,top3_mean,0.01,0.9887640449438202,264,267,0.9363295880149812,14,5,8.063218390804598,0.5028673835125448,0.4838709677419355
mpnet,top3_mean,0.0075,0.9887640449438202,264,267,0.9438202247191011,12,5,8.229885057471265,0.5132616487455197,0.4976958525345622
mpnet,top3_mean,0.005,0.9887640449438202,264,267,0.9438202247191011,12,5,8.39080459770115,0.5232974910394266,0.5138248847926268
mpnet,top3_mean,0.0025,0.9925093632958801,265,267,0.947565543071161,12,6,8.60344827586207,0.5365591397849462,0.532258064516129
mpnet,top3_mean,-0.0,0.9925093632958801,265,267,0.947565543071161,12,6,8.764367816091953,0.546594982078853,0.5391705069124424
mpnet,top3_mean,-0.0025,0.9925093632958801,265,267,0.947565543071161,12,6,8.908045977011493,0.5555555555555556,0.5460829493087558
mpnet,top3_mean,-0.005,0.9925093632958801,265,267,0.947565543071161,12,6,9.126436781609195,0.5691756272401434,0.5529953917050692
mpnet,top3_mean,-0.0075,0.9925093632958801,265,267,0.947565543071161,12,6,9.339080459770114,0.5824372759856631,0.5622119815668203
mpnet,top3_mean,-0.01,0.9925093632958801,265,267,0.951310861423221,11,6,9.477011494252874,0.5910394265232974,0.5806451612903226
mpnet,top3_mean,-0.0125,0.9925093632958801,265,267,0.9588014981273408,9,6,9.637931034482758,0.6010752688172043,0.5921658986175116
mpnet,top3_mean,-0.015,0.9925093632958801,265,267,0.9588014981273408,9,6,9.827586206896552,0.6129032258064516,0.6129032258064516
mpnet,top3_mean,-0.0175,0.9962546816479401,266,267,0.9625468164794008,9,7,10.0,0.6236559139784946,0.6359447004608295
mpnet,top3_mean,-0.02,0.9962546816479401,266,267,0.9700374531835206,7,7,10.201149425287356,0.6362007168458781,0.6474654377880185
mpnet,top3_mean,-0.0225,0.9962546816479401,266,267,0.9700374531835206,7,7,10.413793103448276,0.6494623655913978,0.6682027649769585
mpnet,top3_mean,-0.025,0.9962546816479401,266,267,0.9700374531835206,7,7,10.64367816091954,0.6637992831541218,0.684331797235023
mpnet,top3_mean,-0.0275,0.9962546816479401,266,267,0.9700374531835206,7,7,10.758620689655173,0.6709677419354839,0.6912442396313364
mpnet,top3_mean,-0.03,0.9962546816479401,266,267,0.9700374531835206,7,7,10.971264367816092,0.6842293906810036,0.7119815668202765
mpnet,top3_mean,-0.0325,0.9962546816479401,266,267,0.9700374531835206,7,7,11.14367816091954,0.6949820788530466,0.7258064516129032
mpnet,top3_mean,-0.035,0.9962546816479401,266,267,0.9775280898876404,5,7,11.264367816091953,0.7025089605734767,0.7396313364055299
mpnet,top3_mean,-0.0375,0.9962546816479401,266,267,0.9812734082397003,4,7,11.477011494252874,0.7157706093189964,0.7626728110599078
mpnet,top3_mean,-0.04,0.9962546816479401,266,267,0.9812734082397003,4,7,11.614942528735632,0.7243727598566309,0.7649769585253456
mpnet,top3_mean,-0.0425,0.9962546816479401,266,267,0.9850187265917603,3,7,11.718390804597702,0.7308243727598567,0.771889400921659
mpnet,top3_mean,-0.045,0.9962546816479401,266,267,0.9887640449438202,2,7,11.879310344827585,0.7408602150537634,0.771889400921659
mpnet,top3_mean,-0.0475,0.9962546816479401,266,267,0.9887640449438202,2,7,12.063218390804598,0.7523297491039427,0.7811059907834101
mpnet,top3_mean,-0.05,0.9962546816479401,266,267,0.9887640449438202,2,7,12.201149425287356,0.760931899641577,0.7811059907834101
